ID,adj.P.Val,P.Value,B,Gene.symbol,AveExpr,logFC
10422249,0.001107614,5.67125E-07,6.77446642,Dct,11.21338271,7.430211832
10505614,0.000927186,1.18174E-07,7.793868953,Tyrp1,11.14529711,7.425302311
10587331,0.019148307,0.000510804,0.292004522,Gm10639///Gm3776///Gsta2///Gsta1,9.589073992,6.967838213
10462435,0.00101929,1.79516E-07,7.545714338,Mlana,11.47859629,5.994491073
10496756,0.001985853,3.1993E-06,5.387912901,Mcoln3,9.624669061,5.76012375
10367379,0.001163285,7.69723E-07,6.548532889,Pmel,10.6957959,5.661396635
10339048,0.012916787,0.000226675,1.168968951,,5.912770859,5.323489574
10595148,0.002478805,6.41808E-06,4.763747345,Gm10639///Gm3776///Gsta2///Gsta1,8.700634613,5.117015315
10351525,0.008407711,9.00329E-05,2.147345849,Mpz,9.265639993,5.099838497
10343277,0.001654722,1.55726E-06,5.995541488,,7.627628666,5.078034192
10417411,0.007536974,6.27473E-05,2.523001565,Gm3696///Gm3558///Gm10408///Gm10413///Gm3500///Gm10409///Gm3383///Gm3020///Gm3002///Gm2237///Gm10406///Gm3373///Gm9602///Gm3317///Gm5797///Gm5796///Gm16440///Gm5795///Gm5458///D830030K20Rik///4930555G01Rik///Hn1l///Gm10406,4.416221777,4.947256272
10571815,0.008024191,7.7599E-05,2.302506198,Gpm6a,9.777303017,4.712216166
10340440,0.004836093,2.47648E-05,3.46742412,,6.324715453,4.71019124
10574415,0.001829287,2.73656E-06,5.52319452,1700047G07Rik,10.36342542,4.52941628
10554863,0.00171327,1.90626E-06,5.829052388,Sytl2,8.676803103,4.158338319
10340373,0.005787873,3.67445E-05,3.070999939,,6.356981298,3.956392521
10342780,0.001107614,4.86537E-07,6.884571203,,9.10101942,3.92026495
10404937,0.013411716,0.000243849,1.090668656,,7.004849922,3.864155444
10341235,0.003661874,1.39534E-05,4.030536165,,8.981216924,3.80559347
10434666,0.006266104,4.58906E-05,2.844741739,,5.852647197,3.78286575
10587339,0.008969539,0.000103217,2.004054784,Gm10639///Gm3776///Gsta2///Gsta1,6.739111069,3.747165377
10356401,0.001751338,2.56957E-06,5.577192086,,5.943521035,3.722463976
10587023,0.001107614,5.2537E-07,6.829681795,Rab27a,10.05288385,3.674076629
10407435,0.014291659,0.000275472,0.959680006,Akr1c18,6.132977225,3.649044153
10575034,0.001074267,4.01768E-07,7.018976924,Cdh3,8.538888791,3.61233583
10343558,0.012148502,0.000196767,1.320336317,,6.425904994,3.587648926
10343646,0.004186087,1.90277E-05,3.728161382,,3.583080483,3.559836889
10377372,0.003272253,1.04494E-05,4.307739213,Slc25a35,7.310721065,3.490058137
10422164,0.001053736,3.63776E-07,7.087341828,Ednrb,10.82588798,3.482197903
10563108,0.014001285,0.00026311,1.009040648,Snord35a,6.100918153,3.48125743
10540265,0.012692153,0.00021859,1.207865157,Mitf,6.554518532,3.38126698
10342011,0.009885699,0.000124126,1.809738561,,8.939941423,3.37357514
10341239,0.011276375,0.000162528,1.524074764,,7.559148245,3.33059217
10376002,0.008877231,0.000100111,2.03613525,,6.905871806,3.298033012
10540248,0.001107614,6.43014E-07,6.682613139,Mitf,9.5083671,3.222211945
10343608,0.019435023,0.00053396,0.243824192,,8.202010042,3.217091145
10343391,0.010513295,0.000139113,1.689173412,,10.17809453,3.208558011
10475567,0.005498452,3.40094E-05,3.149256575,Slc24a5,10.08036221,3.188906874
10363112,0.009228139,0.000109113,1.945642325,Vgll2,8.960152001,3.170976217
10371770,0.010809408,0.0001502,1.607874273,Gas2l3,9.344283737,3.155304799
10423098,0.00171327,2.26727E-06,5.68361861,Slc45a2,9.312268036,3.106783995
10361091,0.008656615,9.51087E-05,2.08990745,Atf3,7.622648951,3.029742148
10353192,0.014109744,0.00026953,0.983127858,Eya1,9.062468819,3.019438901
10343055,0.018238921,0.000463135,0.398364629,,9.735968021,2.890642653
10342100,0.003661874,1.377E-05,4.043323932,,10.56492206,2.807474848
10341771,0.020178918,0.000578064,0.157506692,,5.187535866,2.744833985
10339441,0.011375363,0.000172949,1.457938766,,9.05593093,2.737264583
10595145,0.011530102,0.000180405,1.41297238,,4.766395457,2.606333088
10487441,0.004081032,1.76109E-05,3.804063085,Mal,8.122722228,2.561405571
10598023,0.008024191,7.68213E-05,2.312995131,,8.678841221,2.528090397
10440099,0.001654722,1.66615E-06,5.940270851,St3gal6,9.49682987,2.451589987
10373530,0.014911724,0.000302412,0.85924177,Cdk2,9.332615553,2.427770209
10518356,0.012678621,0.000217754,1.211967745,Gm8580///Gm10548///Gm13213///4931440P22Rik///Rpl29,7.466986592,2.426250172
10340683,0.011080913,0.00015716,1.55977062,,7.920298458,2.405541998
10341472,0.002404963,6.1577E-06,4.801804197,,6.366757729,2.374192561
10347186,0.008350768,8.91293E-05,2.15789914,,6.075712624,2.325256951
10344064,0.004859353,2.52843E-05,3.446741362,,6.806071366,2.324586773
10341765,0.010513295,0.000139431,1.686755833,,7.946387285,2.324485264
10343652,0.015320041,0.00031645,0.810336869,,4.563830584,2.308180896
10338656,0.019148307,0.000517403,0.278057513,,8.551173469,2.282768315
10340600,0.010513295,0.000139274,1.687951182,,11.4438297,2.240255354
10342796,0.006053378,4.17789E-05,2.940540545,,9.577840678,2.227716097
10513061,0.009356536,0.000113323,1.905782845,Ctnnal1,8.216000849,2.174344825
10570513,0.011328263,0.000167186,1.494013357,Kbtbd11,8.280309034,2.126181983
10341738,0.008024191,7.93936E-05,2.278684314,,4.342226673,2.110785201
10500283,0.007543073,6.41888E-05,2.499501773,Car14,6.729966344,2.040991665
10412466,0.018350457,0.000471959,0.377885197,Hmgcs1,9.575431691,2.030012364
10341032,0.007597207,6.64428E-05,2.463760122,,7.728701612,2.005878584
10342513,0.004619304,2.31231E-05,3.53561292,,9.34994614,2.004451375
10338250,0.015861825,0.000339236,0.735315789,,7.667568479,1.98897653
10338494,0.008077741,8.39315E-05,2.22069735,,8.993511931,1.985873718
10351131,0.018248265,0.000465718,0.392330673,Myoc,5.203705976,1.979628506
10349404,0.011158056,0.000160064,1.540311844,Mgat5,9.323482449,1.973146385
10420785,0.009452195,0.000115297,1.887582834,Mtmr9,9.48220958,1.874938751
10341920,0.019936741,0.00056094,0.190221799,,2.771811579,1.874769749
10340427,0.003443573,1.20548E-05,4.171332363,,8.627834952,1.861313015
10450212,0.016243226,0.000357705,0.67806036,Egfl8,8.702232618,1.828669227
10507477,0.017645304,0.000429965,0.478947205,,3.801906022,1.820720719
10340507,0.015941597,0.000344577,0.718449669,,9.312626417,1.818759557
10461642,0.019125469,0.000506732,0.300698739,Scarna17,10.04173805,1.817271186
10563112,0.011633459,0.000183092,1.397208625,Snord33,6.209100241,1.798241356
10344366,0.014001285,0.000263398,1.007865434,,6.707001909,1.786151786
10339509,0.01537893,0.000319082,0.801405242,,9.189003012,1.777335218
10572146,0.014511525,0.000282889,0.931097559,Atp6v1b2,10.29148377,1.77071819
10399696,0.011080913,0.000157086,1.560272033,Rnf144a,9.018904839,1.758974619
10361771,0.003664814,1.44934E-05,3.993795813,Plagl1,8.908142231,1.747732122
10561343,0.007543073,6.4278E-05,2.498065184,Gm10651///Josd1,9.343815612,1.741908855
10372145,0.004846641,2.49583E-05,3.45967477,Alx1,8.035289811,1.741676685
10478744,0.014861358,0.000298852,0.871999718,,6.653778459,1.735194994
10483074,0.007366128,6.01836E-05,2.566112674,Gcg,5.757016355,1.724631434
10582890,0.004248852,1.98019E-05,3.688919341,,3.760113747,1.716788586
10341818,0.005504978,3.42082E-05,3.143370729,,6.44880807,1.694330095
10593318,0.01262057,0.000214942,1.225881006,,4.950865148,1.667537066
10343201,0.011530102,0.00017958,1.417852873,,9.070323463,1.658123372
10553354,0.008024191,8.03285E-05,2.266479484,Nav2,8.254087598,1.622038585
10608327,0.01590807,0.000341597,0.727827909,Gm20917///Gm20877///Gm20865///Gm20854///Gm20852///Gm20822///Gm20815///Gm20809///Gm20806///Gm20747///Gm21943///Gm20738///Ssty2,4.31453561,1.619468752
10338991,0.012380019,0.000204322,1.280075104,,5.299408848,1.619459125
10500685,0.004859353,2.53033E-05,3.445993143,Atp1a1,11.48541095,1.608609905
10578572,0.012249037,0.000199452,1.305855368,Stox2,10.00914249,1.605255173
10341812,0.008049034,8.11654E-05,2.255670608,,8.538114504,1.603816521
10532267,0.016585056,0.000382635,0.605218889,Vmn2r9,5.952840132,1.590584442
10605113,0.017844045,0.000438601,0.45739172,L1cam,6.932646062,1.572164337
10342898,0.003894627,1.61342E-05,3.889596314,,6.737919573,1.566963583
10338163,0.009331345,0.000112212,1.916155045,,11.7999748,1.55005779
10341766,0.011295432,0.000165727,1.5033416,,6.290685854,1.548046065
10341847,0.007536974,6.3142E-05,2.516514456,,9.325290813,1.538052946
10344564,0.01888847,0.000494491,0.32725849,,6.499161534,1.521179969
10340053,0.010809408,0.000149673,1.611600201,,6.3193852,1.518715474
10506031,0.014266663,0.000274301,0.964263595,Nfia,8.704589956,1.505836896
10342048,0.007026392,5.49821E-05,2.659309074,,8.107589349,1.497108459
10339221,0.019148307,0.000509978,0.293763173,,12.351253,1.492511726
10338383,0.018405691,0.000476547,0.36738785,,8.476982919,1.481321436
10414706,0.010636787,0.000142679,1.662360482,,7.506504737,1.465375692
10456291,0.016421305,0.000374629,0.628089659,Mir122,5.982161571,1.461708479
10339229,0.007543073,6.46375E-05,2.492291756,,6.307291453,1.45365759
10578681,0.006514589,4.85408E-05,2.787277293,,10.86938207,1.447152371
10342397,0.009356536,0.000113294,1.906054173,,11.53975608,1.446375413
10405751,0.017733287,0.000433331,0.470495317,Mir713///6720490N10Rik,4.836987516,1.442647052
10571362,0.011140196,0.000158963,1.547653856,AI429214,6.208875796,1.361425011
10339804,0.017733287,0.000434149,0.468450312,,5.19185774,1.356924813
10343862,0.017162823,0.000412777,0.523145271,,8.589724588,1.345210853
10378401,0.008877231,9.91014E-05,2.046778418,,6.417261593,1.34374682
10486956,0.016265658,0.000364144,0.658778072,Duox2,5.572288616,1.333711937
10598064,0.009891769,0.000124643,1.805348608,,8.729368433,1.322141687
10545697,0.017226329,0.0004148,0.517850205,Dguok,8.039121271,1.318481356
10339449,0.017139896,0.000406107,0.540785226,,7.96518159,1.313380496
10608373,0.008024191,8.02202E-05,2.267886237,Gm20917///Gm20877///Gm20865///Gm20854///Gm20852///Gm20822///Gm20815///Gm20809///Gm20806///Gm20747///Gm21943///Gm20738///Ssty2,8.191127674,1.309608817
10371356,0.012592077,0.000213677,1.23219518,Appl2,9.872341709,1.298110788
10341843,0.017139506,0.000402847,0.549511385,,6.077165179,1.295479724
10582882,0.017452347,0.000423736,0.494759518,,5.961032148,1.294394333
10510872,0.011375363,0.000172558,1.460350525,,8.896614283,1.290433693
10598062,0.014676272,0.000288797,0.908853981,,9.301701181,1.28336553
10579772,0.019682861,0.000550395,0.210862216,,6.881940178,1.238430385
10343029,0.016265658,0.000360354,0.670085389,,5.370991079,1.238013113
10339680,0.010393668,0.000134855,1.722094591,,10.87829366,1.19177164
10419726,0.014001285,0.00026421,1.004557787,,8.972379144,1.187645858
10353002,0.010933827,0.000153958,1.581637013,,9.023336879,1.187241471
10376408,0.011375363,0.000170478,1.473263636,Olfr316,7.01275287,1.164578433
10444656,0.011416129,0.000175241,1.443915656,,3.643186913,1.162999179
10521596,0.013609652,0.000249797,1.064804997,Gm16223,5.486461353,1.156138584
10340473,0.008056874,8.29793E-05,2.232608848,,11.96493418,1.147009664
10375578,0.018791748,0.000490337,0.33641882,Flt4,5.92059414,1.142228741
10343555,0.018688881,0.000487115,0.343576294,,10.55783093,1.140961124
10511258,0.01961549,0.000545654,0.220269488,Fam132a,8.364307672,1.134597735
10440338,0.012678621,0.000217517,1.21313323,4930423O20Rik,3.764684282,1.127673028
10400981,0.012518372,0.000210179,1.249853479,D830013O20Rik,5.895638914,1.12222032
10516994,0.014547009,0.000284579,0.924688634,Fam76a,7.833008874,1.116371451
10343216,0.010767906,0.000147145,1.629677008,,6.638231933,1.11052017
10339285,0.012380019,0.000204434,1.279488855,,7.741049266,1.109038672
10468970,0.012949384,0.000230584,1.150649338,Phxr1,6.608496571,1.105660068
10587653,0.019394906,0.000530068,0.251776397,4932427H20Rik,8.438274398,1.101998113
10552779,0.015861825,0.000339961,0.733010591,Fuz,6.453481652,1.101188817
10523843,0.011262976,0.000162011,1.527463404,,7.831730692,1.091051002
10576556,0.008024191,8.03343E-05,2.266405011,,8.372505202,1.090906332
10446763,0.014257057,0.000272754,0.970342431,Lbh,10.49247726,1.072806163
10414990,0.020361567,0.000585636,0.143342486,,5.912552972,1.064521078
10502131,0.019148307,0.00051828,0.276217546,Lrit3,5.122117786,1.041019908
10338605,0.014861358,0.000296993,0.878720146,,9.151455802,1.031137981
10402551,0.016267016,0.000366897,0.650637174,,5.57071109,1.02034158
10341540,0.012935175,0.000228115,1.162188544,,10.63143828,1.017241232
10399027,0.016265658,0.00036174,0.665936935,Adam6a,3.858733706,1.009434771
10437573,0.017139896,0.000410107,0.530171391,,5.73057284,1.00644582
10601503,0.013749401,0.000253945,1.047126364,Dach2,4.083628172,1.001125481
10338591,0.016265658,0.00036481,0.656804392,,6.068544006,0.994264315
10523960,0.013897446,0.000258678,1.027291654,Pigg,8.12516874,0.993863414
10411142,0.018248265,0.000466181,0.391252197,Bhmt,5.307912421,0.99226529
10529215,0.018100857,0.000450438,0.428516541,,5.836301693,0.984218206
10512945,0.017249353,0.000416347,0.513818336,Olfr272,4.438307941,0.979611866
10404848,0.013456953,0.000245446,1.083665262,Jarid2,8.179978481,0.977070017
10561525,0.014861358,0.000296425,0.880781351,Gm10648,6.653269929,0.97368675
10537817,0.012380019,0.000203501,1.284376641,Olfr444///Olfr441///Olfr237-ps1///Olfr435///Olfr434///Olfr47,5.581520836,0.969248102
10375570,0.01780601,0.000436954,0.461469786,Olfr1383,5.526301675,0.95943609
10564622,0.019102411,0.000504488,0.305519901,Gm10619,4.812675982,0.959034605
10560655,0.013906548,0.000259648,1.023272739,Bcam,7.395194776,0.958989301
10439989,0.019148307,0.000513252,0.286809862,,6.26716446,0.955537364
10593469,0.014107191,0.000268913,0.985592195,Mir34c,4.008834295,0.954417353
10584819,0.016318396,0.000368995,0.644473706,,7.725001595,0.95144426
10499948,0.012837129,0.000223319,1.18494662,Lce3a,5.113947042,0.947545696
10554743,0.01961549,0.000543566,0.224438961,,3.160639336,0.945022295
10604859,0.019148307,0.000510205,0.293278636,,4.145421695,0.93365937
10542518,0.016394556,0.000372484,0.634299382,,6.771152031,0.929532724
10405747,0.016265658,0.000365826,0.653798195,,5.384657723,0.925417905
10378038,0.016844448,0.000390582,0.5829787,Wscd1,5.858186962,0.920572848
10442254,0.016265658,0.00036553,0.654673354,,9.221353441,0.910111114
10485131,0.018248265,0.000465736,0.392289188,Gyltl1b,6.150502761,0.906830011
10540075,0.02015904,0.000574535,0.164168929,Hdac11,6.299438315,0.901672811
10592465,0.013039741,0.000234146,1.134216406,Olfr983,5.256089106,0.899017127
10459066,0.017853411,0.000439798,0.454437575,Gm4841,5.546079679,0.898622744
10498403,0.018967051,0.000497094,0.321557233,B430305J03Rik,5.985321711,0.895901061
10414863,0.018830307,0.000491885,0.332996555,,5.76363347,0.877654585
10461274,0.016246205,0.000358482,0.675714352,Ints5,8.213566156,0.877626086
10559172,0.019549457,0.000539619,0.232362062,Krtap5-3,8.900988455,0.834686329
10484545,0.018384788,0.0004739,0.373431622,Olfr1012,5.034824465,0.818832592
10343989,0.019322868,0.000525876,0.260407032,,8.394878566,0.807074096
10476998,0.019148307,0.000513796,0.285660236,Gm14149,4.260522464,0.801424945
10553813,0.018293155,0.000468907,0.384926704,Ube3a///LOC619378///C230091D08Rik///Ube3a///Srebf2///P3h3,9.437052656,-0.829993649
10352562,0.019209277,0.000521126,0.270266475,Gpatch2,7.69610147,-0.839831501
10574166,0.020276095,0.00058215,0.149840476,Cpne2,7.932904396,-0.845772224
10408487,0.019148307,0.000514578,0.284007001,Uqcrfs1,8.75503704,-0.846727901
10496302,0.01897498,0.000497848,0.319911857,Manba,6.133163794,-0.865692929
10403258,0.015625105,0.000327246,0.774151731,Gdi2,10.60846259,-0.893514299
10596265,0.017773769,0.000435652,0.4647058,Dnajc13,10.65494738,-0.893694554
10339426,0.019817425,0.000557009,0.197871958,,11.7578247,-0.899241577
10593198,0.019148307,0.00051173,0.290036142,Nxpe2,5.55871871,-0.899988017
10339059,0.016868318,0.000391621,0.580104584,,2.438396446,-0.903740198
10344324,0.015400661,0.000320773,0.795702547,,9.525639406,-0.917959988
10351111,0.016318396,0.000368871,0.644836609,Dnm3os,6.093021427,-0.930479159
10601449,0.020178918,0.000577811,0.15798195,Sh3bgrl,7.306845236,-0.930685021
10578448,0.018150303,0.000453235,0.421803108,Cyp4v3///Klkb1,6.03248679,-0.950682422
10388517,0.019148307,0.000516746,0.279439107,Gemin4,6.480140689,-0.953448712
10384603,0.018324436,0.000470763,0.380639604,Mdh1,9.578316068,-0.954054592
10405539,0.02015904,0.00057531,0.162702923,Txndc15,8.22978249,-0.969671682
10461022,0.020059536,0.000567853,0.176896626,Ppp1r14b,10.63870118,-0.981674692
10585932,0.018175103,0.000454378,0.419073372,Pkm,9.841956995,-0.992639408
10340662,0.017139896,0.000408881,0.53341506,,4.69167465,-0.99578936
10540676,0.014741707,0.000291781,0.897787254,Jagn1,7.625490016,-0.999887841
10585545,0.016265658,0.000362546,0.663533469,Rcn2,8.822837911,-1.005441539
10498296,0.019412782,0.000532232,0.247347828,Commd2,7.587850851,-1.021191636
10486710,0.017452347,0.000422836,0.497064352,Lcmt2,7.828086425,-1.023053015
10453562,0.019961419,0.000563972,0.184357335,Sft2d1,9.320240315,-1.02472815
10416533,0.020274665,0.000581526,0.151008222,Ccdc122,4.818145637,-1.025511412
10360884,0.009652367,0.00011996,1.845772704,Iars2,7.517071196,-1.036635138
10378833,0.018238921,0.000462426,0.400028214,Ssh2,8.405199943,-1.037431124
10479458,0.019936741,0.000561509,0.189118258,Gid8,8.330096844,-1.039131324
10608708,0.010933827,0.000152836,1.58940752,,8.454058112,-1.040412467
10606473,0.019092714,0.000503683,0.307255315,Gm9927,3.812800763,-1.051157778
10420516,0.018238921,0.000462056,0.400896165,Cdadc1,8.45792286,-1.056637262
10455227,0.02015904,0.000574774,0.163716992,Rnf14,9.238290517,-1.064418274
10379068,0.015941597,0.000344153,0.719778082,Sdf2,8.759508821,-1.07826284
10376733,0.018223797,0.000456119,0.414923903,Map2k3,7.883656531,-1.089754739
10602164,0.011698092,0.000185769,1.381723623,Rbbp7,11.0242313,-1.091410545
10403871,0.01961549,0.000544214,0.223143527,Aoah///Aoah,5.023357618,-1.093228286
10496621,0.012692153,0.000218717,1.207245601,Gtf2b,9.493093312,-1.097645309
10372600,0.014879357,0.00030007,0.867618179,Cct2,10.85405942,-1.097856189
10590690,0.015163864,0.000311915,0.825898232,Dync2h1,6.949445945,-1.101204489
10404429,0.018626791,0.000484961,0.348388177,Serpinb9,4.889836494,-1.102313231
10340460,0.019056164,0.00050217,0.31052178,,9.464702121,-1.107907363
10455656,0.017986328,0.000446036,0.439167038,Hsd17b4,9.143875425,-1.119914999
10356262,0.01529189,0.000315428,0.81382276,LOC101055758///LOC101055663///LOC671917///Gm7609///Sp100,6.060885655,-1.125106029
10605952,0.017245773,0.000415764,0.515334966,Gm14866,5.604697088,-1.12769309
10538684,0.019648661,0.000548308,0.214993313,Tigd2,7.665324628,-1.128231387
10424404,0.018405691,0.00047805,0.363970009,Pvt1,5.928938287,-1.130923132
10458398,0.012380019,0.000204025,1.28163059,Hars,8.901490055,-1.140557017
10338437,0.018238921,0.000463169,0.398284994,,9.758884836,-1.141835746
10387890,0.016692048,0.000385865,0.596125544,Cxcl16,5.792984629,-1.142977354
10434845,0.016050306,0.000348992,0.704699784,Il1rap,8.128967294,-1.146059139
10389326,0.018238921,0.000457867,0.410774287,Pigw,6.631281218,-1.148065872
10371006,0.015831394,0.000337487,0.74089554,Timm13,8.743646678,-1.149102331
10557450,0.019286419,0.000524329,0.263608526,Bola2,10.33529766,-1.152076312
10571705,0.019032359,0.000500996,0.3130658,Irf2,8.369583738,-1.154785796
10388018,0.017072029,0.000398806,0.560427259,Dhx33///Dhx33,6.707884159,-1.156212844
10589929,0.013268435,0.000239336,1.110711411,Cmtm6,8.758817694,-1.156360227
10604230,0.01406896,0.000267537,0.991107457,Ap3s1,9.761098083,-1.157806208
10578477,0.011826886,0.000188569,1.365768254,Fam149a,6.192822154,-1.171326166
10512470,0.019125469,0.000507148,0.299808023,Cd72,5.527062863,-1.175484832
10354792,0.020113002,0.000570524,0.171791609,Tyw5,6.067934301,-1.175910268
10587558,0.01590807,0.000341868,0.726972812,Dopey1,7.082296112,-1.179054169
10511843,0.016581681,0.000380644,0.610862233,Ufl1,8.472141286,-1.180321358
10342157,0.013888822,0.000257948,1.030328483,,8.751477605,-1.185978346
10506500,0.017089812,0.000400696,0.555308203,Usp24,9.034555719,-1.190117613
10387568,0.009514843,0.000116335,1.878136481,Tnfsfm13///Tnfsf13///Tnfsf12,7.343770543,-1.194425839
10593103,0.017452347,0.000423757,0.494706871,Rnf214,7.906914111,-1.194982975
10495891,0.015941597,0.000344882,0.717495889,Arsj,5.6768539,-1.196902285
10569583,0.016265658,0.000364113,0.658869574,Ppfia1,9.160139388,-1.198047909
10566502,0.007778967,6.91513E-05,2.422328067,Arfip2,7.765187614,-1.198368329
10380641,0.02015904,0.000574731,0.163797984,Hoxb5,6.437757574,-1.200469783
10564713,0.014861358,0.00029881,0.8721496,Mfge8,7.940618441,-1.207963379
10509620,0.014001285,0.000264333,1.004058338,Capzb,9.636477142,-1.210242507
10455123,0.014001285,0.000264776,1.002258786,Pcdhb19,4.613068398,-1.212233461
10531370,0.017439266,0.000421432,0.50066621,Naaa,6.740146989,-1.212610369
10458213,0.017139896,0.000409421,0.531984305,Etf1,9.274993317,-1.216555789
10453512,0.016585056,0.000381599,0.60815232,Kpna2,8.206946928,-1.217487404
10520025,0.007734693,6.85353E-05,2.431612569,Psmc2,9.874910792,-1.223159179
10423568,0.010619336,0.000141754,1.669249924,5730407I07Rik,4.717103101,-1.223437535
10596231,0.012455132,0.000206749,1.267448802,Dnajc13///Dnajc13,8.978833496,-1.223751345
10436446,0.016585056,0.000382496,0.605612106,Gps1,7.698781624,-1.228996027
10551393,0.008148358,8.5328E-05,2.203462643,Akt2,9.067842938,-1.23154119
10553403,0.015752044,0.000333166,0.754805446,Htatip2,7.530045328,-1.237656193
10577922,0.017139896,0.000405981,0.541121342,Hook3,9.90418965,-1.239529785
10492381,0.01744425,0.000422055,0.499067625,Gmps,9.226878813,-1.244093385
10517677,0.011158056,0.000159916,1.54129863,Nbl1,6.985198949,-1.248796018
10606876,0.008877231,9.93946E-05,2.043678127,Morf4l2,11.62738957,-1.254473163
10453830,0.014001285,0.000263479,1.007534655,Mib1///Mib1,8.514899855,-1.255711983
10339754,0.018405691,0.000476571,0.367332007,,9.310763247,-1.256324127
10535807,0.02015904,0.000573242,0.166620539,Flt1,6.466701116,-1.258538846
10592919,0.013906548,0.00025932,1.024630958,Arcn1,9.99353162,-1.259878621
10569203,0.011282612,0.000163833,1.515565836,Chid1,6.791851922,-1.260851242
10458841,0.012903246,0.000226067,1.171850309,LOC100861784///Ube2l3,10.21486776,-1.261055646
10340969,0.008024191,7.92467E-05,2.280613882,,11.2874803,-1.262711548
10569569,0.011530102,0.00018078,1.41075732,Cttn,8.753096637,-1.266609101
10509542,0.015148434,0.000310134,0.832069344,Ddost,8.669109606,-1.266630297
10537834,0.008024191,7.9499E-05,2.277301034,Arhgef5,6.893488672,-1.266862637
10419267,0.010636787,0.000142918,1.660583985,Cnih1,8.398989364,-1.267438089
10416411,0.009048281,0.000104814,1.987918323,Esd,9.083027455,-1.268193511
10395466,0.006583412,4.98438E-05,2.76012205,Dock4,7.491910583,-1.26891608
10379075,0.01537893,0.000319153,0.801165439,2610507B11Rik,9.385240715,-1.26995649
10406385,0.010933827,0.00015413,1.580448598,Fam172a,7.858755383,-1.270026258
10569890,0.009145385,0.000107345,1.962827161,Aida,8.830383766,-1.278146799
10341875,0.015148434,0.000311162,0.828504358,,10.73700102,-1.280328441
10424695,0.01537893,0.000318141,0.804588426,Gpihbp1,7.392848004,-1.280973114
10381898,0.010513295,0.000136882,1.706298693,Mrc2,6.501480385,-1.281422039
10534343,0.014447981,0.000280564,0.93997996,Eln,7.492941079,-1.282307965
10482089,0.012712642,0.000220167,1.200170074,Ndufa8,8.883919666,-1.282738271
10514590,0.010513295,0.000137304,1.703041742,Dock7,9.753875654,-1.301770239
10587699,0.012928761,0.000227258,1.166221391,Rasgrf1,5.891838533,-1.303698826
10413771,0.01657138,0.000379483,0.614167048,Capn7,8.646772803,-1.303951004
10578904,0.016934458,0.000394285,0.572767115,Cpe,10.16548485,-1.304485373
10562416,0.016243226,0.000357949,0.677322288,Cebpg,9.034366747,-1.304636818
10581772,0.019148307,0.000515362,0.282352851,Glg1,9.402418343,-1.305749179
10413100,0.011115653,0.000157973,1.554291455,Kat6b,7.933090873,-1.306632297
10533131,0.014361703,0.000277291,0.952601461,Plbd2,7.633098468,-1.308024751
10504047,0.011375363,0.000169433,1.479806622,Ube2r2,8.873303492,-1.308035002
10471474,0.017139896,0.000408915,0.533326013,Ak1,6.676470676,-1.310201382
10406898,0.010809408,0.0001492,1.614963852,Ak6///Taf9,8.570451422,-1.318423777
10521863,0.007896608,7.1333E-05,2.390081062,Anapc4,8.842724561,-1.31950863
10556509,0.005793713,3.71691E-05,3.059354593,Spon1,6.761172639,-1.319658984
10415095,0.013565806,0.000248212,1.071638864,1700123O20Rik,8.175465018,-1.323204515
10407833,0.019709276,0.000551701,0.208285454,Ggps1,8.782230155,-1.327156656
10607587,0.012935175,0.000228097,1.162271957,Pdha1,9.106197237,-1.32757621
10476326,0.015007691,0.000305248,0.849182977,Cds2,8.774411959,-1.327615349
10433292,0.009356536,0.000112791,1.910736748,Hmox2,8.483522401,-1.328881472
10436941,0.019203716,0.000520423,0.271734086,Mrps6,8.268382479,-1.329211448
10595371,0.018238921,0.000464368,0.39547962,Hmgn3,7.461002264,-1.329410867
10338075,0.016394556,0.000373547,0.631217037,,9.009374866,-1.330538175
10476401,0.012522049,0.000211102,1.245165274,Plcb1,6.329266437,-1.331358422
10602840,0.012493895,0.000208471,1.258580587,Sh3kbp1,9.561474326,-1.332767279
10512867,0.019027536,0.000500321,0.314528731,Tex10,7.833180111,-1.335911275
10374934,0.008024191,7.7627E-05,2.302130659,Psme4,9.262795048,-1.336371161
10340773,0.01403832,0.000266147,0.996708055,,9.533432599,-1.340342233
10600797,0.017986328,0.000446023,0.439198278,Apoo-ps///Apoo,7.677975831,-1.341885986
10368730,0.011465558,0.000177129,1.432500555,Rpf2,6.817003924,-1.342366666
10485580,0.012889633,0.000225087,1.17650484,9330195I24Rik,4.853401711,-1.342522786
10513256,0.017139896,0.000410398,0.529404952,Lpar1,8.013458944,-1.347520475
10384322,0.012634885,0.000215913,1.221058454,Hus1,7.248462479,-1.347713262
10546891,0.015668112,0.000330401,0.763800563,Camk1,6.987502753,-1.349068859
10459183,0.019148307,0.000514125,0.284963019,Slc26a2,8.316783817,-1.353128303
10437257,0.011530102,0.000180688,1.411297742,Zfp597,7.293495783,-1.353151991
10555438,0.012592077,0.000213732,1.231920897,Fchsd2,8.228537533,-1.353225895
10399973,0.017139896,0.000410873,0.528150425,Hdac9,6.178942245,-1.354336302
10506134,0.014001285,0.000265042,1.00117931,Atg4c,6.7670331,-1.357540035
10490775,0.014511525,0.00028305,0.930486558,Gm10748,4.641314171,-1.358384536
10597920,0.006047505,3.99264E-05,2.986698347,Zdhhc3,7.516846849,-1.359856686
10358421,0.009132856,0.000106935,1.966850058,Rgs18,4.654822884,-1.363292183
10341861,0.014626818,0.000287403,0.914062153,,9.456820954,-1.363949448
10459375,0.009331345,0.000112043,1.917743619,Txnl1,9.792402201,-1.369178974
10368739,0.007536974,6.33782E-05,2.512652339,Gtf3c6,9.906448146,-1.377992267
10458906,0.01961549,0.000546254,0.219075023,Ppic,10.57121409,-1.378318356
10343154,0.005266327,3.13616E-05,3.230981131,,4.899816592,-1.381130659
10365288,0.014836269,0.000294079,0.889338366,Taf10,10.22789887,-1.383980889
10566454,0.005498452,3.3996E-05,3.14965488,Prkcdbp,7.481394154,-1.388656388
10408741,0.018238921,0.000463027,0.398617996,Txndc5,7.651384039,-1.388748619
10376285,0.015049749,0.000306537,0.844644118,Sap30l,7.577383544,-1.389123981
10442606,0.019817425,0.000556613,0.198645608,Meiob,3.323596815,-1.395927312
10445496,0.011954936,0.0001926,1.343192397,Yipf3,8.347572604,-1.39632411
10364593,0.014447981,0.000280424,0.940515375,Cnn2,5.753617455,-1.397977522
10465783,0.01078879,0.000148153,1.622432933,Tmem179b,8.261120882,-1.402233282
10479775,0.011826886,0.000188836,1.364258811,Hspa14,8.425394576,-1.40556359
10533050,0.018401024,0.000474848,0.371263012,Hspb8,9.357067021,-1.406516268
10536429,0.010389411,0.0001345,1.724877488,Tmem106b,9.83362424,-1.407513805
10365933,0.011954936,0.000192277,1.344982278,Eea1,8.590421677,-1.409523574
10382106,0.014361703,0.000278062,0.949615789,Milr1,5.518936051,-1.415033835
10361282,0.011312475,0.000166628,1.497573446,Cr1l,8.428985765,-1.417120426
10479852,0.007665546,6.7261E-05,2.451074874,Camk1d,5.640210868,-1.418928371
10338180,0.014861358,0.000296062,0.882103065,,10.16198566,-1.42660917
10598750,0.008328857,8.86558E-05,2.163470381,Gpr34,4.367585678,-1.429033328
10440388,0.011140196,0.000158898,1.548083398,Hspa13,8.570344491,-1.430661946
10383025,0.008407711,9.02208E-05,2.145163655,C1qtnf1,6.877405568,-1.432498743
10453900,0.018238921,0.000462566,0.399699473,Riok3,8.831897456,-1.435598079
10589884,0.017069043,0.000398245,0.561950456,Bcl2a1c,4.173544174,-1.43733594
10342171,0.008949598,0.000101957,2.016950292,,8.499706887,-1.4373566
10511588,0.01961549,0.000545168,0.22124001,Tmem67,7.089859011,-1.439147233
10394862,0.010695337,0.000144307,1.650329389,Asap2,8.266816539,-1.440040759
10422892,0.012149803,0.000197487,1.31643424,2410089E03Rik,6.884580868,-1.442124616
10502951,0.004906318,2.69593E-05,3.382710016,Acadm,8.099611157,-1.442427205
10371002,0.008683549,9.59287E-05,2.080908032,Lsm7,10.00460442,-1.446297432
10575376,0.013546632,0.000247472,1.074845839,Cmtr2,6.764037673,-1.446779434
10417273,0.012948832,0.000229846,1.154088167,Esd,8.875180708,-1.448231798
10421768,0.01078879,0.000148015,1.623422795,Akap11,9.407510327,-1.44945846
10391755,0.011674679,0.000185062,1.38579466,Ccdc43,7.2782428,-1.45299867
10523175,0.004387126,2.07401E-05,3.643271532,Ereg,5.421227646,-1.455600921
10385495,0.020118842,0.000571269,0.170372858,Cdk2ap1,6.411008135,-1.456162421
10342905,0.012068557,0.000194777,1.331187871,,10.1985525,-1.459662465
10544815,0.012948832,0.00022951,1.15565159,Hibadh,7.458447369,-1.460444482
10338095,0.017139896,0.000410748,0.528481339,,11.36355299,-1.460995995
10389561,0.007587418,6.58599E-05,2.472889909,Dhx40,8.329480685,-1.46201717
10360070,0.017139896,0.00041075,0.528475722,Fcer1g,6.129002561,-1.46552111
10451238,0.012582929,0.000212853,1.236331567,Polr1c,9.081034781,-1.46663563
10435565,0.007543073,6.48541E-05,2.488827858,Hcls1,6.540608462,-1.46759667
10418410,0.006291456,4.65162E-05,2.830894268,Prkcd,8.252996177,-1.470410094
10601537,0.020361567,0.000585776,0.143083613,,5.948728387,-1.471019191
10477353,0.019652184,0.000548972,0.213677854,Mapre1,9.403728306,-1.47114083
10362005,0.008203189,8.61382E-05,2.193588896,Ahi1,7.492252194,-1.472331778
10381122,0.004132461,1.83084E-05,3.766000902,Fkbp10,6.627842516,-1.473275687
10435048,0.017089812,0.000400459,0.555948274,Tctex1d2,8.590303063,-1.475025371
10499080,0.00952205,0.000116971,1.872388533,Arfip1,7.464140682,-1.477600008
10482968,0.009280397,0.000110641,1.931003638,Pla2r1,5.982778295,-1.481844898
10346562,0.008877231,9.97861E-05,2.039552756,Cflar,10.40314006,-1.482572318
10522596,0.009435921,0.000114814,1.892013046,Tmem165,8.864762416,-1.482932279
10487040,0.019401133,0.000531309,0.249234793,Fbn1,7.877544214,-1.484991623
10516027,0.011375363,0.000171883,1.464524863,Rlf,7.287673212,-1.485072407
10595718,0.008024191,7.69766E-05,2.310892244,Chst2,7.111776817,-1.485930518
10506870,0.007554325,6.51984E-05,2.483344417,Txndc12,8.181441822,-1.487030085
10527649,0.015668112,0.000329919,0.765375875,Medag,5.549529983,-1.497849342
10567335,0.018238921,0.000459069,0.407931462,Gde1,7.804504917,-1.501064136
10394786,0.020178918,0.000578199,0.157251626,Gm9222///1700030C10Rik///Fam210a,5.289433389,-1.504255512
10360443,0.012949384,0.0002306,1.150574276,Fh1,8.382521238,-1.505272967
10498383,0.01227993,0.000200662,1.299395149,Igsf10,7.018113129,-1.505515321
10342744,0.017139896,0.000411494,0.526515027,,10.0101178,-1.508419316
10342532,0.016265658,0.00036259,0.663402231,,9.036363345,-1.508473399
10585778,0.01575031,0.000332587,0.75668269,Sema7a,8.124044599,-1.509658134
10384448,0.004905791,2.61728E-05,3.412288728,LOC102637269///Gm4184///Sec61g,9.781257675,-1.509901548
10423921,0.006250621,4.52727E-05,2.858598618,Oxr1,7.207882191,-1.510203772
10588403,0.008024191,7.76953E-05,2.30121454,Mrpl3,7.644276356,-1.511814373
10384150,0.008450536,9.2139E-05,2.123140484,Purb,9.280698968,-1.514243246
10353549,0.008995541,0.000103775,1.998389585,Fam135a,7.923719738,-1.517101125
10456793,0.01072902,0.000146305,1.635749721,Ier3ip1,9.269040254,-1.525170988
10368647,0.010513295,0.000137879,1.698615572,Dse,6.439012216,-1.527800391
10476834,0.011358387,0.000168611,1.484982016,Xrn2,9.342964731,-1.530541942
10436348,0.018298982,0.000469583,0.383363879,Tomm70a,8.643804797,-1.533481429
10342044,0.006053378,4.16441E-05,2.943832419,,9.674952258,-1.533790947
10536369,0.016113857,0.000353336,0.691338069,C1galt1,8.610814011,-1.536565569
10365918,0.014861358,0.000295614,0.883733704,Ube2n,9.112284351,-1.538132265
10386070,0.015668112,0.000330069,0.764885356,Atox1,10.30122614,-1.541762307
10536996,0.012292831,0.000201226,1.296393489,Klhdc10,8.058660177,-1.541783986
10577757,0.007180111,5.81766E-05,2.601115909,Adam9,8.28022674,-1.543787014
10542445,0.004906261,2.65936E-05,3.396360274,Strap,9.536935204,-1.544611552
10483667,0.017139896,0.000406378,0.540063425,Cir1,9.599991579,-1.547944772
10457948,0.012841731,0.000223881,1.182259018,Slc25a46,7.651658025,-1.558711733
10351477,0.010619336,0.00014158,1.670548567,Sh2d1b1,3.967530791,-1.560143009
10402715,0.00962075,0.000119014,1.854129547,Bag5,9.550209726,-1.560637207
10436048,0.009160115,0.000107782,1.958559212,Prdx1,9.79473857,-1.563285855
10365658,0.012451552,0.000205974,1.271468641,Uhrf1bp1l,8.235736062,-1.565686531
10341444,0.014266663,0.00027458,0.963169048,,6.638634622,-1.566359133
10500114,0.008054822,8.24371E-05,2.239451497,Mllt11,6.248228609,-1.568652699
10346668,0.013039741,0.00023446,1.132780851,Fam117b,7.474946896,-1.568724234
10368577,0.016512092,0.00037765,0.619403177,Rnf217,8.247975817,-1.569981672
10545045,0.008704165,9.66573E-05,2.072974661,Fam13a,5.240748026,-1.570496133
10386775,0.016250216,0.000359506,0.672633519,Prpsap2,7.30549398,-1.572501097
10430968,0.013629169,0.00025094,1.059906602,A4galt,6.032889823,-1.576809109
10539220,0.020178918,0.000577408,0.158742157,Gcfc2,5.979243855,-1.578736505
10598004,0.009280397,0.000110695,1.93049502,Ccr1,4.287353894,-1.585555757
10532040,0.004552033,2.26554E-05,3.555883409,Zfp644,8.568959643,-1.5873474
10454202,0.019393295,0.000529466,0.253011455,Rnf138,6.408249994,-1.589979501
10581605,0.012478716,0.0002075,1.263574385,Hp,6.194157096,-1.592000322
10462005,0.014001285,0.000262753,1.010499413,Tmem2,7.695047071,-1.594235986
10471929,0.011358387,0.000167961,1.489097502,Arhgap15,4.816300865,-1.594476867
10344607,0.009268121,0.000109852,1.938534871,,9.276980894,-1.596636121
10588049,0.015939352,0.000342999,0.723407128,Copb2,10.04368591,-1.59989629
10514347,0.013289008,0.000240854,1.103929697,Cdkn2b,7.44104761,-1.600181044
10491056,0.013914839,0.000260203,1.020978363,Tbl1xr1,9.093465937,-1.6042189
10523281,0.016585056,0.000382659,0.605151993,Sept11,10.31926408,-1.606063363
10405785,0.009048281,0.000104939,1.986669193,Ercc6l2,7.023350527,-1.607043728
10397189,0.011633459,0.000183624,1.394111955,Ptgr2,8.62419483,-1.610336788
10385118,0.008969274,0.000102557,2.01079173,Dock2,5.663115508,-1.612608009
10513208,0.006053378,4.19869E-05,2.935481895,Svep1,6.564142358,-1.614789605
10367960,0.011282612,0.000165051,1.507692133,Pex3,7.028286481,-1.620030402
10379524,0.012837129,0.000223431,1.184411752,Ccl11,7.67652308,-1.620987999
10458992,0.014722737,0.000290982,0.900739614,C330018D20Rik,6.279402889,-1.624792878
10600301,0.003378028,1.12896E-05,4.234065531,Ssr4,9.350235764,-1.62499897
10523529,0.012518372,0.000210612,1.24765379,Cops4,8.414824629,-1.626189707
10598848,0.019148307,0.000513463,0.286364298,Jade3,6.532989071,-1.62728121
10600825,0.006266104,4.59683E-05,2.843013771,Zc3h12b,5.673891949,-1.63173802
10416023,0.019401133,0.000531354,0.249141502,Scara5,6.784801421,-1.640321143
10458098,0.004483908,2.20584E-05,3.582346496,Fam13b,8.665848694,-1.642569907
10568553,0.010809408,0.000149656,1.611725181,Chst15,6.717744645,-1.643091345
10417034,0.010631634,0.000142224,1.665741703,Dnajc3,10.88545575,-1.644919523
10599200,0.003378028,1.10734E-05,4.252523181,Pgrmc1,7.557864848,-1.646645698
10599222,0.017733287,0.000434002,0.468817157,Ube2a,8.549220776,-1.64942323
10511617,0.017139896,0.000404312,0.545583083,Fam92a,8.805536812,-1.649634457
10504902,0.015828566,0.000336937,0.742658039,Murc,6.891773175,-1.651121304
10590452,0.008054822,8.27265E-05,2.235794182,Abhd5,9.668263999,-1.653240913
10396358,0.005852768,3.78847E-05,3.040013316,Ppm1a,9.833230691,-1.654737654
10597883,0.005360629,3.22316E-05,3.203422893,Ano10,7.936398973,-1.656011373
10361897,0.015861825,0.000338679,0.737091027,Ifngr1,8.773382614,-1.658928466
10392098,0.005256356,3.1073E-05,3.240285331,Ftsj3,7.458170026,-1.663341615
10519951,0.007180111,5.81683E-05,2.60126352,Gsap,6.581262314,-1.667107698
10528583,0.011358387,0.000168416,1.486212623,Cdk5,7.410122914,-1.671985348
10601942,0.004905791,2.61529E-05,3.413048633,Nrk,4.546510573,-1.673740098
10594404,0.010906968,0.000151869,1.596141808,Smad3,7.483037794,-1.675222795
10401616,0.011375363,0.000172642,1.459833026,Mlh3,6.643789074,-1.675654687
10362499,0.008704165,9.64472E-05,2.075256476,Frk,6.331415286,-1.675775874
10341683,0.011282612,0.000164941,1.50839849,,5.016341754,-1.680923703
10529445,0.014861358,0.000297929,0.875329392,Lrpap1,8.717545134,-1.682749002
10545130,0.015828566,0.000336972,0.74254617,Gadd45a,8.270875724,-1.690815692
10467124,0.018238921,0.000461539,0.402110226,Acta2,6.302065786,-1.691319783
10571048,0.008049034,8.12776E-05,2.254229151,Lsm1,7.156857184,-1.691499742
10421672,0.017943829,0.00044395,0.444250714,Gpalpp1,8.243337756,-1.691807979
10427908,0.019329428,0.00052661,0.258889821,Gm9948,6.487140141,-1.69352778
10523670,0.005787873,3.67986E-05,3.069508638,Aff1,9.608895243,-1.696778843
10461594,0.010619336,0.00014115,1.673776835,Ms4a4c,4.678585228,-1.698006348
10388377,0.011416129,0.000175709,1.441079089,Srr,7.558586172,-1.698156037
10474977,0.015148434,0.000309341,0.83483155,Chp1,7.619691649,-1.69833012
10501690,0.004197698,1.92012E-05,3.719235584,Slc35a3,7.510714,-1.698663154
10601385,0.006047505,3.98523E-05,2.988587864,Tlr13,5.205703348,-1.69878062
10537157,0.013850801,0.000256216,1.037563971,Akr1b10,7.05388554,-1.700390518
10544596,0.016265658,0.000364899,0.656539232,Tmem176b,9.218880072,-1.701048495
10490777,0.004181242,1.88854E-05,3.735538942,Zfhx4,7.546032126,-1.703407925
10571567,0.007180111,5.78863E-05,2.60627504,Sorbs2,6.470171394,-1.704489201
10400483,0.009885699,0.000124282,1.808410954,Slc25a21,4.73898363,-1.708126815
10349453,0.014687004,0.000289776,0.905210306,Rab3gap1,7.192650969,-1.708767823
10340163,0.011530102,0.000179333,1.419324384,,10.04325515,-1.709041034
10342698,0.009060344,0.000105685,1.979221508,,6.606418031,-1.710194747
10420891,0.019148307,0.00051029,0.293097862,Scara3,6.863655493,-1.714465773
10472757,0.01961549,0.000546246,0.219090885,Cybrd1,7.37470073,-1.715144416
10495830,0.012455132,0.000206588,1.26828225,Sec24d,6.363432168,-1.715970711
10338199,0.010933827,0.000152982,1.588391064,,5.289638205,-1.718025906
10601874,0.008077741,8.43562E-05,2.215427521,Tceal3///Tceal5///Tceal6,6.377271919,-1.723467527
10370210,0.009283571,0.000111104,1.92661043,Col6a1,7.618346643,-1.732519321
10338419,0.016032642,0.000347507,0.709306609,,3.96561582,-1.733607446
10394690,0.012634885,0.000215816,1.221537474,E2f6,6.715034944,-1.734407468
10567086,0.012948832,0.000229259,1.156826985,Cyp2r1,4.394742241,-1.737691189
10541555,0.011282612,0.000165033,1.507805424,Clec4a1,5.439784348,-1.739574773
10374842,0.004116324,1.8E-05,3.782654695,Ccdc88a,9.166011704,-1.741209357
10471486,0.016250216,0.000359421,0.672888927,Eng,7.213098999,-1.741676081
10561104,0.010513295,0.000137784,1.699342546,Axl,7.539585694,-1.74279688
10338963,0.012535224,0.000211685,1.242216391,,8.063117794,-1.74387243
10350977,0.008024191,7.78161E-05,2.299596646,4930523C07Rik,6.959021825,-1.744165605
10606016,0.017916609,0.000442761,0.44715818,Il2rg,7.000832957,-1.744315433
10502224,0.015642874,0.000328097,0.771350568,Sgms2,6.410693819,-1.749034081
10359161,0.00535489,3.20431E-05,3.209334653,Soat1,9.686283035,-1.757826817
10567580,0.014361703,0.000277663,0.951159874,Igsf6,7.120669334,-1.760363398
10530851,0.004905791,2.59619E-05,3.420366113,Mtch2,9.304505608,-1.762365584
10361381,0.010712045,0.000145765,1.639668851,Syne1,6.608989172,-1.763202967
10499861,0.018293155,0.000468837,0.385088272,S100a9,6.899406792,-1.766561478
10413657,0.008328857,8.84578E-05,2.165809685,Glt8d1,8.169948448,-1.767990952
10360522,0.010513295,0.000138954,1.690390451,Adss,9.393468045,-1.772500968
10441342,0.017089812,0.000400064,0.557017507,Synj2bp-cox16///Synj2bp,8.544555664,-1.773431339
10601421,0.01406323,0.000267023,0.993172717,A630033H20Rik,3.613354006,-1.773800832
10590320,0.017139896,0.000407252,0.537736997,Rpl14,9.590686873,-1.776201249
10557326,0.002635579,7.51022E-06,4.618339807,Il4ra,7.467820681,-1.777658199
10339666,0.0183567,0.000472648,0.376302861,,9.04768902,-1.778341399
10521136,0.017139896,0.000407225,0.537808737,Whsc1,8.04541147,-1.77860322
10426689,0.013319252,0.000241785,1.099789706,Spats2,7.294893628,-1.780454473
10400336,0.010235437,0.000131278,1.750534932,Snx6,9.182885146,-1.781223905
10533504,0.007180111,5.74587E-05,2.61392079,Ift81,7.653866736,-1.786713612
10377774,0.019772258,0.000554033,0.203698497,Mgl2,5.131623882,-1.789201612
10482434,0.015230313,0.00031372,0.819677772,Gtdc1,6.997402521,-1.789404933
10461108,0.011375363,0.000172061,1.463419847,Iscu,9.625881764,-1.790903497
10538420,0.012255031,0.000199902,1.303446621,Gars,9.273270398,-1.792099882
10449315,0.008656615,9.51331E-05,2.089638587,Uqcc2,8.475065669,-1.794241262
10428579,0.011282612,0.000165214,1.506637697,Ext1,9.361040591,-1.795724062
10441361,0.013289008,0.000240728,1.104490855,Tiam2,6.866575264,-1.799338466
10511180,0.014260974,0.000273301,0.968188479,Mxra8,7.900296058,-1.806960482
10369844,0.004018012,1.69483E-05,3.841567821,Bicc1,6.650492854,-1.806977078
10428690,0.019148307,0.000511145,0.291280312,Mrpl13,8.543706969,-1.807742298
10554013,0.014687004,0.000289853,0.90492394,Chsy1,6.986131029,-1.814677872
10348354,0.014869315,0.00029944,0.869883224,Ugt1a1///Ugt1a6b///Ugt1a9///Ugt1a5///Ugt1a7c///Ugt1a10///Ugt1a6a///Ugt1a2,6.441977216,-1.816897318
10597648,0.00747333,6.14894E-05,2.543936532,Myd88,7.096842606,-1.817559434
10458555,0.017853411,0.000440508,0.452688215,Spry4,7.43545091,-1.819276418
10532103,0.014535452,0.000283935,0.927127663,Glmn,7.055850426,-1.819701349
10398362,0.012345778,0.000202448,1.289923843,AF357355///Rian,4.603090724,-1.822647657
10357191,0.019506064,0.000537595,0.23644805,Ptpn4,7.817727572,-1.823017055
10534862,0.009917939,0.000125544,1.797745481,Pcolce,7.9339001,-1.823804433
10503659,0.006574772,4.95567E-05,2.766046805,Epha7,5.30966431,-1.830455391
10530380,0.004905791,2.62508E-05,3.409319887,Gnpda2,6.971549621,-1.831226058
10493995,0.012149803,0.000197295,1.317470632,S100a10,10.23065885,-1.833349695
10523727,0.007896608,7.11217E-05,2.393161931,Pkd2,8.467778518,-1.833463083
10570982,0.014260974,0.00027365,0.966817767,Fgfr1,7.934771686,-1.8364267
10590801,0.008969539,0.000103046,2.005796643,Birc3,7.044894586,-1.836593646
10431697,0.019952836,0.000563111,0.186020443,Abcd2,5.331575831,-1.83933961
10529567,0.01491099,0.000301137,0.863794711,D5Ertd579e,6.503146668,-1.839411992
10605034,0.003083541,9.66933E-06,4.38129,Xlr4a///Xlr4c///Xlr4b,4.959979903,-1.843980851
10469772,0.004981894,2.78107E-05,3.351606752,Ube2d3,10.70818706,-1.846800716
10569646,0.011080913,0.000157086,1.560273531,Ccnd1,9.325750333,-1.851901813
10420439,0.009758655,0.000121562,1.831775827,Zdhhc20,8.390604713,-1.853773909
10338610,0.005164432,2.98262E-05,3.281450601,,8.386115007,-1.8588237
10455483,0.006053378,4.17146E-05,2.942108744,Ythdc2,6.358348187,-1.864786134
10406067,0.007597207,6.64245E-05,2.464045937,Clptm1l,8.021638972,-1.865958711
10513776,0.011375363,0.000171911,1.464349093,Astn2,6.948914247,-1.870191506
10424411,0.003664814,1.44471E-05,3.996895607,Tsg101,8.677132095,-1.870280855
10504564,0.007421278,6.08476E-05,2.554777781,Dcaf10,7.081114341,-1.871998863
10452556,0.012739163,0.000220993,1.19616153,Rab12,7.712114818,-1.877620565
10531794,0.016050306,0.000350149,0.701125444,Wdfy3,7.195267797,-1.879440283
10594963,0.004018012,1.69854E-05,3.839430488,Unc13c,3.755193762,-1.881702113
10361509,0.019817425,0.000556161,0.199529195,Syne1,6.905410894,-1.882209096
10543319,0.004369051,2.04878E-05,3.655353444,Fam3c,9.285372539,-1.882431351
10338567,0.015460578,0.000323027,0.788151204,,6.076728249,-1.886159917
10355785,0.010636787,0.000143211,1.658411677,Glb1l,6.239470945,-1.888259766
10556381,0.017139896,0.000410985,0.527857781,Mical2,7.128338087,-1.888334994
10472549,0.006053378,4.09311E-05,2.961416221,Bbs5,5.967360204,-1.888632999
10531776,0.014911724,0.000301611,0.862099255,Fam175a,6.402933947,-1.892019901
10371396,0.018405691,0.000478146,0.363752024,Mterf2,5.714951265,-1.895645072
10505073,0.019148307,0.00051837,0.276028172,Zfp462,8.166222212,-1.896269242
10526145,0.013622903,0.000250433,1.062079012,Tmem248,8.173804185,-1.896331871
10421488,0.003661874,1.36465E-05,4.052027575,Fndc3a,9.434778691,-1.902217519
10567173,0.007180111,5.79779E-05,2.604645397,Pik3c2a,8.233076614,-1.902832313
10527448,0.007988053,7.26187E-05,2.371521246,Bud31,9.40506918,-1.902838167
10534501,0.017844045,0.000438914,0.45661806,,8.123076686,-1.903895987
10345967,0.012518372,0.00020978,1.251889413,Bivm,6.854450292,-1.906418851
10495896,0.008245338,8.70552E-05,2.182521173,Camk2d,8.608231056,-1.913342514
10548105,0.0021789,4.38935E-06,5.108573677,Ccnd2,10.39030433,-1.917371643
10527133,0.005256356,3.10727E-05,3.24029622,Wipi2,7.284919162,-1.925910308
10601980,0.009048281,0.000105164,1.984411815,Mum1l1,4.42601646,-1.928539294
10603026,0.011375363,0.000169569,1.478956358,Ctps2,7.097894807,-1.928921445
10524124,0.004981894,2.81685E-05,3.338804838,Golga3,7.624435769,-1.92925415
10411229,0.00841733,9.09525E-05,2.136709835,F2r,7.461448633,-1.930445458
10513583,0.010235437,0.000131624,1.747752045,Cdc26,7.217817307,-1.931600129
10504957,0.009435921,0.000114827,1.891887429,Smc2,8.00053236,-1.932935689
10539773,0.016050306,0.000350927,0.698726644,Gfpt1,8.193409148,-1.933043766
10339953,0.007543073,6.46472E-05,2.492136411,,10.43845386,-1.934443319
10445531,0.009280397,0.000110799,1.929504343,Zfp318,8.253435728,-1.935763151
10467041,0.017139506,0.000402357,0.550829139,Asah2,7.149646261,-1.944349938
10600973,0.00829786,8.78485E-05,2.173037836,Igbp1,9.538948025,-1.944721735
10396177,0.010513295,0.000138261,1.695683042,Actr10,8.620984667,-1.960738028
10400155,0.011906654,0.000191137,1.351331534,Nova1,5.379650283,-1.961552202
10350349,0.018238921,0.000458521,0.409227853,Dennd1b///Dennd1b,6.377452461,-1.962263099
10341097,0.01537893,0.000319436,0.800208783,,7.49263596,-1.963016099
10462504,0.009540541,0.000117718,1.865672893,Minpp1,7.391129444,-1.965951815
10593856,0.012518372,0.00021068,1.247306445,Peak1,8.303527129,-1.975425897
10360391,0.006266104,4.56718E-05,2.849629001,Ifi203,5.656029075,-1.975781325
10466659,0.016113857,0.000353707,0.690201928,Gda,6.161624863,-1.977919359
10497894,0.010513295,0.000139405,1.68695543,Cetn4,7.9891617,-1.980156869
10418804,0.008423745,9.13622E-05,2.132004871,Timm23,9.868938295,-1.985317197
10551852,0.008024191,7.47761E-05,2.341079622,Clip3,7.28721714,-1.985362947
10462507,0.010329664,0.000133133,1.735693878,Papss2,6.642701857,-1.991334827
10363903,0.007536974,6.28696E-05,2.520986531,Hbs1l,7.621921214,-1.995918383
10377560,0.004483908,2.20295E-05,3.583643241,Sat2,6.803338195,-2.002525897
10469457,0.003378028,1.12322E-05,4.238936518,Plxdc2,9.206199935,-2.00479651
10338796,0.011375363,0.000170667,1.472082822,,8.560779723,-2.007123794
10552314,0.012642257,0.000216402,1.218633862,2610021A01Rik///Zfp141,6.878474101,-2.011932551
10498647,0.019460769,0.000535227,0.24124737,B3galnt1,6.50781692,-2.014159866
10475648,0.01186512,0.000190129,1.356975671,Dtwd1,6.823936638,-2.016282669
10372208,0.006053378,4.07328E-05,2.966357497,Acss3,5.940462977,-2.022171152
10363455,0.008024191,7.58294E-05,2.326524972,Pcbd1,5.902169578,-2.023026422
10423836,0.017552196,0.000427191,0.48596064,Cthrc1,9.005232884,-2.028465005
10415413,0.004906261,2.65049E-05,3.399697054,Nynrin,6.14413324,-2.028640976
10503188,0.007896608,7.09414E-05,2.395798655,Chd7,7.067935975,-2.029461671
10511881,0.010235437,0.000131536,1.748457079,Manea,7.724655578,-2.036057747
10508663,0.018128998,0.000452182,0.424327144,Laptm5,6.922412595,-2.038277096
10361926,0.018238921,0.000463432,0.397669452,Map3k5,7.352671411,-2.048966462
10573483,0.008945335,0.000101137,2.025436747,Prdx2,8.853372347,-2.049427039
10410947,0.018238921,0.000463086,0.398480948,Xrcc4,7.937244406,-2.054409479
10353181,0.007180111,5.82506E-05,2.599805124,Lactb2,6.612683227,-2.055841144
10460108,0.008877231,0.000100008,2.037222847,Gnpnat1,7.798418315,-2.056319967
10497765,0.008024191,8.02479E-05,2.267526157,Dcun1d1,8.77523009,-2.05920664
10592336,0.008445754,9.18439E-05,2.126499562,Spa17,5.979935877,-2.061071214
10593325,0.00665262,5.13887E-05,2.72879678,Pts,8.254377621,-2.064754412
10342416,0.007180111,5.77496E-05,2.608714734,,9.70975755,-2.065970287
10542993,0.008024191,7.7016E-05,2.310359439,Pon3,6.202288931,-2.067409679
10467206,0.011801056,0.000187744,1.37044388,Ppp1r3c,6.394811458,-2.070021397
10445067,0.006703704,5.20714E-05,2.715243887,Znrd1as,6.954212492,-2.07753983
10340098,0.016394556,0.000373495,0.631366377,,4.804530061,-2.086645224
10342133,0.011375363,0.000172637,1.459865132,,5.651333998,-2.087902607
10343752,0.011282612,0.000163562,1.517329172,,5.544851652,-2.097009253
10532984,0.003664814,1.45496E-05,3.990047434,Dynll1,7.606767848,-2.099406463
10498319,0.008075113,8.36318E-05,2.224432647,Serp1,9.865148375,-2.099902252
10346310,0.019435023,0.000533884,0.243979686,Mob4,8.647133208,-2.100224278
10498386,0.002199832,4.80976E-06,5.026457099,Igsf10,6.360727438,-2.101436191
10456184,0.008006251,7.30144E-05,2.365872033,Apcdd1,7.535513116,-2.101742044
10338117,0.005718658,3.59775E-05,3.092366035,,8.235833351,-2.101849015
10491106,0.01186512,0.000189849,1.35854829,Pld1,6.873211533,-2.106596236
10528008,0.002568699,6.94643E-06,4.690745607,Steap2,6.167769098,-2.106952013
10356520,0.011416129,0.000175671,1.441304612,Col6a3,7.583917518,-2.107102417
10512851,0.007180111,5.81963E-05,2.60076682,Erp44,8.694932077,-2.107877838
10590962,0.01262057,0.000214934,1.225921026,1700012B09Rik,4.841366674,-2.108049243
10372965,0.002635579,7.58222E-06,4.609461266,Usp15,9.185086755,-2.108105513
10338570,0.018238921,0.000464203,0.395865113,,6.551735262,-2.108913082
10511679,0.019948457,0.000562413,0.187368652,Decr1,9.325490922,-2.110741259
10492330,0.019390022,0.000528819,0.254340855,P2ry1,6.659408548,-2.123576925
10338585,0.004906318,2.68959E-05,3.385063727,,9.966755249,-2.124210062
10372796,0.008667832,9.55057E-05,2.085540807,Hmga2,7.546157649,-2.124897559
10548701,0.006574772,4.95233E-05,2.766737467,Lrp6,8.942054187,-2.12867404
10542745,0.008949598,0.000101715,2.019454124,Fgfr1op2,8.876511528,-2.13079175
10423498,0.002520537,6.69624E-06,4.724645426,Dap,8.961540625,-2.132212015
10521709,0.006053378,4.19963E-05,2.935252814,Lap3,8.39948236,-2.139899847
10375614,0.003378028,1.11549E-05,4.245520397,Gfpt2,7.734947786,-2.147986023
10352000,0.010933827,0.000153669,1.58363411,Kmo,4.915061682,-2.149037475
10338277,0.008024191,7.4696E-05,2.342194709,,8.262442578,-2.149040948
10400510,0.008024191,7.51651E-05,2.335680512,Clec14a,6.048650465,-2.150026296
10553568,0.004092333,1.77774E-05,3.794848877,Tubgcp5,6.78493305,-2.150972433
10428998,0.018981161,0.000498556,0.318367973,Asap1,8.408352772,-2.151505786
10466932,0.015400661,0.000320465,0.796740029,Insl6,5.330998492,-2.15237028
10557177,0.017139896,0.000411732,0.525889236,Prkcb,6.851442897,-2.157555904
10358879,0.006053378,4.1517E-05,2.946944679,Npl,6.1666173,-2.158757487
10536483,0.006597438,5.06765E-05,2.743123604,Tes,9.069270964,-2.160752572
10406672,0.004132461,1.82788E-05,3.76758707,Arsb,6.950481559,-2.165141453
10500808,0.015941597,0.000343514,0.721786728,Olfml3,8.18670517,-2.165832423
10408600,0.004387126,2.09394E-05,3.633829807,Serpinb6a,7.875949026,-2.167407805
10492699,0.019506064,0.00053756,0.23652002,Ctso,8.072842819,-2.17005503
10347948,0.010933827,0.000153856,1.582343597,Sp100,5.86740788,-2.173170331
10502949,0.008024191,7.91073E-05,2.282448723,,5.89771362,-2.1736423
10575616,0.004906261,2.66767E-05,3.393242382,Gabarapl2,8.33370412,-2.174431425
10338244,0.015148434,0.000311066,0.828836236,,8.625779525,-2.176144027
10467136,0.006588488,5.03324E-05,2.750115875,Ch25h,5.85673956,-2.177579415
10530145,0.002164783,4.29718E-06,5.127542763,Tlr1,5.102689,-2.179551424
10365590,0.014606283,0.000286579,0.917151444,Ccdc53,7.882860071,-2.184893351
10547740,0.016692048,0.000386088,0.595500916,C1s1,5.425866045,-2.190263682
10356880,0.006047505,4.00151E-05,2.984440721,St8sia4///St8sia4,5.76266972,-2.192579505
10531724,0.014107191,0.000269076,0.984942648,Plac8,5.365930543,-2.199945202
10460603,0.005956248,3.87259E-05,3.017721371,Efemp2,8.928357067,-2.201024075
10543709,0.013230972,0.000238279,1.115455721,Tmem209,7.545366315,-2.201487223
10469695,0.008024191,7.37671E-05,2.355209707,Apbb1ip,5.82868222,-2.203745296
10577882,0.008024191,7.99104E-05,2.271920721,Hgsnat,8.337408318,-2.211474677
10401278,0.008024191,7.6578E-05,2.316297725,Erh,10.49947841,-2.214661204
10587733,0.008024191,7.79232E-05,2.298164066,Ctsh,8.739323964,-2.217803993
10592515,0.009783345,0.000122151,1.82667361,Ubash3b,6.963427378,-2.230078316
10388430,0.017853411,0.000440685,0.452251967,Serpinf1,9.053118302,-2.232185641
10595466,0.01688786,0.00039256,0.577511438,Pgm3,6.990638633,-2.232423686
10338082,0.016050306,0.000350218,0.700912726,,4.362846162,-2.237110907
10538802,0.006250621,4.47962E-05,2.869409979,Ndnf,6.06822243,-2.239410392
10579958,0.019623243,0.000547035,0.217522559,Il15,5.234412001,-2.242055306
10413928,0.00603046,3.93819E-05,3.000656808,1810011H11Rik,6.312661021,-2.246558956
10420457,0.008054822,8.26259E-05,2.237063116,Micu2,7.558865346,-2.247468789
10474541,0.007733796,6.81566E-05,2.437359734,Nop10,9.294549072,-2.2479929
10503828,0.005793713,3.70184E-05,3.063472957,Lyrm2,8.143915567,-2.254097292
10353674,0.018031387,0.000448191,0.433940956,Lsm5,6.250091547,-2.258229234
10566358,0.008054543,8.19433E-05,2.245720082,Trim30a,6.299878666,-2.258876534
10579812,0.003797711,1.55142E-05,3.927738734,Ednra,7.222171392,-2.261280003
10429128,0.015781961,0.000335072,0.748650298,Sla,5.60136739,-2.263268978
10412207,0.010712045,0.000145356,1.642651756,Gpx8,9.139594022,-2.265473176
10343039,0.016265658,0.000366097,0.652997691,,10.5083167,-2.269028639
10554752,0.005164432,2.98634E-05,3.280198985,Nox4,5.880326026,-2.270413248
10381962,0.003164,1.00127E-05,4.348256027,Ace,7.004421692,-2.272056343
10341714,0.012995248,0.000232165,1.143327537,,9.629886057,-2.287022444
10488830,0.018293155,0.00046856,0.385729183,Pigu,8.474037113,-2.288687548
10450819,0.005694541,3.55499E-05,3.104468578,Znrd1,7.130691419,-2.297626548
10425945,0.006053378,4.03962E-05,2.974799757,Fbln1,7.432229928,-2.298395956
10463704,0.018238921,0.000461867,0.401340318,As3mt,6.182128555,-2.301163526
10402268,0.004164404,1.86895E-05,3.745778988,Lgmn,9.204226487,-2.30389942
10481592,0.013039741,0.000233817,1.135726023,Dnm1,7.470473856,-2.310290481
10445972,0.006080939,4.30354E-05,2.910337447,Zfp959,5.065036358,-2.310960793
10594066,0.00539097,3.27242E-05,3.188132835,Loxl1,6.744784671,-2.314884138
10341553,0.015007691,0.00030509,0.849743776,,5.924325947,-2.316111084
10455372,0.002608885,7.15602E-06,4.663209523,C330007P06Rik,8.504909388,-2.319881023
10440427,0.016353442,0.000370258,0.640779664,D16Ertd472e,7.322746555,-2.325620668
10445241,0.001309049,1.10818E-06,6.267927438,Tnfrsf21,7.460418501,-2.326074571
10373223,0.006053378,4.24656E-05,2.923928036,Lrp1,7.876505813,-2.329223524
10440037,0.016394556,0.000373234,0.63212337,Nit2,7.128302478,-2.332187301
10338759,0.015460578,0.000323356,0.787054172,,5.835483999,-2.332879392
10512499,0.008949598,0.00010184,2.018164412,Tpm2,7.886815846,-2.335566161
10565852,0.013609652,0.000249673,1.065338146,Rnf169,8.583553984,-2.338641586
10598976,0.019148307,0.00051726,0.278358879,Timp1,7.757776358,-2.344504341
10338394,0.002309666,5.54178E-06,4.898135651,,9.791576219,-2.348859424
10461878,0.00841733,9.10505E-05,2.135582747,Prune2,6.796334756,-2.350587702
10471655,0.010353733,0.000133741,1.730872078,Gsn,9.356846149,-2.351089506
10572089,0.008054543,8.20284E-05,2.244636579,Nat2,6.09235119,-2.353412747
10576696,0.01213599,0.000196215,1.323335583,Insr,7.711000875,-2.355625557
10456071,0.017552196,0.000426727,0.487138598,Csf1r,6.422895474,-2.362750066
10594973,0.004018012,1.71448E-05,3.830303949,Unc13c,5.143840465,-2.363551969
10576692,0.016265658,0.000363277,0.661355976,Insr,9.5721762,-2.363913734
10409767,0.004981894,2.82067E-05,3.337448091,Golm1,5.91821977,-2.365650405
10571371,0.016099132,0.000352458,0.694025037,Tusc3,8.031280202,-2.369555276
10445875,0.002270987,5.35733E-06,4.928919984,Gm7334///Btg3,8.602694738,-2.370963406
10350516,0.011530102,0.000179484,1.418424934,Ptgs2,5.719203993,-2.3748185
10406254,0.007587418,6.59206E-05,2.471934877,Ell2,7.537261952,-2.375974663
10554269,0.011312475,0.000166538,1.498145097,Abhd2,9.804480942,-2.385565224
10434778,0.014567026,0.00028539,0.921627292,Rtp4,6.095259323,-2.390420874
10438445,0.004951592,2.73506E-05,3.368302053,Klhl6,5.759691359,-2.394053336
10540122,0.004905791,2.60616E-05,3.416539599,Slc6a6,8.464698538,-2.398691679
10594948,0.007935139,7.19093E-05,2.381721302,Unc13c,5.451305104,-2.410227049
10556208,0.002079959,3.9421E-06,5.20430644,Akip1,6.578398689,-2.410454586
10394534,0.014861358,0.000298111,0.874673558,Osr1,6.632248452,-2.412539103
10395103,0.003661874,1.37223E-05,4.046674546,Pxdn,6.73472783,-2.42250224
10593492,0.0021789,4.63307E-06,5.060129207,Zc3h12c,8.706740911,-2.42265146
10436865,0.012703631,0.00021928,1.204492116,Ifngr2,7.910495138,-2.425457871
10401244,0.010235437,0.00013095,1.753177157,Actn1,7.510573458,-2.426034608
10505489,0.00171327,1.96839E-06,5.802335732,Pappa,6.464232744,-2.42775672
10338535,0.002079959,3.7668E-06,5.24457999,,6.865847409,-2.429974778
10585338,0.00841733,9.10128E-05,2.136016108,Kdelc2,5.93373982,-2.431603453
10436500,0.009895578,0.000124976,1.802533182,Gbe1,7.843324613,-2.432563896
10544570,0.003565138,1.29231E-05,4.104524631,Pcnp,9.697037319,-2.434827661
10607089,0.018540979,0.000482193,0.354601161,Acsl4,9.133022329,-2.441270269
10449452,0.016265658,0.000366174,0.652768631,Fkbp5,6.939301248,-2.448441093
10346843,0.009192835,0.000108431,1.952238918,Nrp2,7.855803545,-2.45384069
10604347,0.002392666,5.95337E-06,4.832730734,Smarca1,5.537904355,-2.457996686
10338474,0.016934458,0.000394618,0.571853844,,9.204497491,-2.471201881
10350742,0.005256356,3.1151E-05,3.23776197,Rnasel,5.585987956,-2.480172471
10423363,0.014511525,0.000282922,0.930973453,Ank,8.200988005,-2.491593519
10584561,0.011566392,0.000181682,1.405452823,Clmp,6.732784332,-2.498062138
10515090,0.00224232,5.09618E-06,4.974227534,Cdkn2c,7.286157434,-2.510866975
10351455,0.002270987,5.34103E-06,4.931687376,Rgs5,6.344599789,-2.513455355
10343504,0.011674272,0.000184719,1.387769373,,9.446489689,-2.51481088
10342423,0.01955649,0.000540673,0.230241805,,7.336128547,-2.51804936
10604564,0.008024191,7.66816E-05,2.314891065,Gpc4,7.795493608,-2.521303035
10460541,0.005445099,3.33661E-05,3.168537145,Cd248,8.410261798,-2.521991026
10472289,0.001654722,1.64195E-06,5.95226442,Tank,7.325790965,-2.524403475
10605711,0.006053378,4.24921E-05,2.923292527,Pdk3,7.322368521,-2.528790271
10513739,0.007491655,6.18557E-05,2.537797628,Tnc,7.019932972,-2.536160784
10578069,0.009540541,0.000117747,1.865415403,Gtpbp10///Gtpbp10,7.879040619,-2.54268583
10435271,0.009939966,0.000126108,1.793003362,Heg1,7.043981431,-2.542813691
10340471,0.003553893,1.26488E-05,4.125157664,,4.204691913,-2.545451632
10604799,0.001895569,2.94479E-06,5.459923132,Atp11c,7.396607964,-2.549199846
10497381,0.019961419,0.000564502,0.183337059,Cyp7b1,5.277162031,-2.556487687
10562096,0.002856579,8.30019E-06,4.524986186,Tmem147,7.819016031,-2.563932389
10424140,0.011158056,0.00016018,1.539541818,Col14a1,7.690737054,-2.568712006
10498210,0.002237775,4.97742E-06,4.995545331,Nbea,7.984976922,-2.574025046
10426315,0.010712045,0.000145365,1.642584375,Lrrk2,6.777783594,-2.576834535
10531560,0.002164783,4.1842E-06,5.151313696,Antxr2///Antxr2,6.939357067,-2.578501776
10422348,0.00171327,2.18163E-06,5.716112502,Uggt2,7.617531334,-2.586172587
10342504,0.011375363,0.000170341,1.474121118,,6.981846296,-2.587983779
10398240,0.002635579,7.38152E-06,4.634411311,Eml1,7.263196772,-2.589105128
10342004,0.018125567,0.000451575,0.425784055,,6.322356457,-2.590444528
10550388,0.014861358,0.000295404,0.884497106,Gng8,6.44537822,-2.615761142
10502778,0.005164432,2.97481E-05,3.284082677,Adgrl2,8.904221188,-2.617162778
10359929,0.016050306,0.000350784,0.69916687,Ddr2,6.808817963,-2.620108336
10505894,0.006588488,5.04182E-05,2.74836725,Mtap,7.047527863,-2.621362362
10433274,0.002079959,3.94929E-06,5.202689788,Vasn,7.208521403,-2.622430045
10607403,0.004248852,1.96241E-05,3.697802579,Kctd12b,5.657623887,-2.626051575
10555303,0.007863732,7.01311E-05,2.407726385,Pgm2l1,8.212620521,-2.640498897
10392825,0.006291456,4.64346E-05,2.832690155,Cd300ld5///Cd300ld4///Cd300ld3,7.000936966,-2.645605864
10353707,0.003083541,9.61118E-06,4.386993851,Gm13363///Ptp4a1///Gm8783,8.678031727,-2.656366136
10505182,0.002079959,3.60621E-06,5.283013081,Gng10,8.208995208,-2.657789952
10352178,0.003684334,1.48524E-05,3.970080275,Sccpdh,9.579235543,-2.658017249
10369154,0.012518372,0.000209535,1.253135572,Man1a,7.357824707,-2.664078528
10416355,0.006053378,4.22082E-05,2.930125039,Rcbtb2,6.860471285,-2.666813372
10500204,0.00665262,5.14832E-05,2.726911757,Ecm1,8.594724619,-2.687701582
10498584,0.008024191,7.87E-05,2.287829149,Rarres1,6.526331548,-2.689302162
10583080,0.003378028,1.13702E-05,4.227271803,Mmp1a,4.758723128,-2.694767299
10514275,0.009060344,0.000105826,1.977819391,Hacd4,5.726859875,-2.706031488
10339710,0.003664814,1.44481E-05,3.996832722,,8.43835862,-2.708184571
10605437,0.007180111,5.65379E-05,2.630572762,Pls3,8.502656667,-2.711937237
10462702,0.017705246,0.000431935,0.4739931,Hectd2,5.647624346,-2.721236415
10453429,0.003083541,9.4373E-06,4.404243817,Pigf,7.369858402,-2.747376509
10427496,0.007536974,6.3259E-05,2.514600138,Egflam,6.372349401,-2.748439196
10410709,0.004981894,2.78025E-05,3.351901172,Rfesd,7.068649553,-2.757141293
10459071,0.007733796,6.83048E-05,2.435106164,Smim3,7.035938026,-2.757800919
10595633,0.011427634,0.000176214,1.438016503,Bcl2a1d///Bcl2a1c///Bcl2a1b///Bcl2a1a,7.570048984,-2.765639494
10538459,0.008068042,8.33264E-05,2.228251203,Aqp1,7.669509232,-2.770142575
10583021,0.0041402,1.84618E-05,3.757814593,Pdgfd,5.079379391,-2.772599439
10338307,0.013888822,0.000258118,1.029619994,,5.483078648,-2.774675122
10344320,0.008024191,7.74814E-05,2.30408557,,4.935709111,-2.777318987
10484463,0.002392666,5.98855E-06,4.82733667,Serping1,7.652211942,-2.777661621
10437023,0.008024191,7.54079E-05,2.3323253,Morc3,7.958935554,-2.780755498
10538253,0.008049034,8.11932E-05,2.255314069,Mpp6,8.504896195,-2.781610765
10497548,0.007180111,5.66045E-05,2.629358924,Fndc3b,8.017545251,-2.787847613
10381096,0.003684334,1.48526E-05,3.970068283,Igfbp4,7.288716453,-2.8099539
10352756,0.010712045,0.000145674,1.640332039,Lpgat1,7.560795107,-2.812008882
10399908,0.006978317,5.44052E-05,2.670165591,Prkar2b,6.396332981,-2.816833482
10578649,0.001751338,2.47515E-06,5.609153065,Tenm3,7.242926377,-2.817532889
10601768,0.010235437,0.000130617,1.755872691,Armcx4,7.084443466,-2.81886345
10556426,0.003442707,1.1687E-05,4.201004526,Parva,8.561717746,-2.822738581
10414269,0.005240542,3.04542E-05,3.260512741,Bnip3,7.54964055,-2.823427543
10584194,0.003378028,1.09896E-05,4.25976512,Srpr,7.416740418,-2.827075493
10483081,0.011523936,0.000178362,1.425106103,Fap,5.559207031,-2.827417392
10354258,0.0021789,4.70131E-06,5.046986423,Uxs1,9.049065933,-2.828631142
10341442,0.019148307,0.000513833,0.285580732,,5.04791256,-2.831044693
10344897,0.005386721,3.25435E-05,3.193717582,Sulf1,6.340478546,-2.8364013
10403743,0.011282612,0.000164689,1.510026984,Inhba///Inhba,7.13851764,-2.836714016
10607475,0.005850537,3.7702E-05,3.044919182,Prdx4,8.526580726,-2.866475963
10345074,0.01270543,0.000219677,1.202557652,Cetn4,5.896646543,-2.873529938
10342324,0.005431105,3.31241E-05,3.175882438,,9.825359988,-2.880809168
10519607,0.019125469,0.000507298,0.299487106,Tmem243,6.373143921,-2.883551416
10342537,0.015642874,0.000328518,0.769965349,,8.62345651,-2.883951857
10344185,0.006243003,4.45416E-05,2.875231184,,6.149623459,-2.892692923
10380524,0.004501682,2.22753E-05,3.572652715,Slc35b1,8.97517687,-2.894181017
10541605,0.002079959,3.54486E-06,5.298111735,Clec4n,4.912022537,-2.901328075
10595404,0.008969274,0.000102698,2.009351866,Fam46a,7.010709166,-2.903769519
10446771,0.00952205,0.000116838,1.873588524,Lclat1,8.530837743,-2.906413191
10396074,0.013021036,0.000233,1.139477778,Mgat2,7.418743254,-2.910594765
10366293,0.013429564,0.00024456,1.087545306,Csrp2,8.342449278,-2.913231846
10358434,0.006583412,5.00006E-05,2.756900859,Pla2g4a,6.479482513,-2.91907401
10356968,0.001107614,6.49244E-07,6.675500746,Pam,8.789521473,-2.930518464
10502830,0.020103547,0.000569678,0.173407196,Nexn,6.348982644,-2.931126527
10342697,0.003443573,1.20862E-05,4.168836799,,7.878840929,-2.93660496
10501608,0.0021789,4.59864E-06,5.06682874,Vcam1,6.574787821,-2.93802632
10347792,0.005718658,3.60295E-05,3.090904044,Irs1,8.644889458,-2.942337557
10531944,0.004248852,1.97365E-05,3.692179017,,6.350580849,-2.942391873
10339729,0.004387126,2.10825E-05,3.627101148,,7.960111345,-2.947439476
10421932,0.003061902,9.16104E-06,4.432272244,Pcdh9,6.316289846,-2.949491996
10379535,0.003075279,9.28954E-06,4.419138354,Ccl8,5.920058582,-2.956019721
10439126,0.003443573,1.20393E-05,4.172565347,,8.532858492,-2.956275212
10438603,0.016355463,0.000370774,0.639273157,Igf2bp2,6.992802321,-2.959970332
10531931,0.011375363,0.000173445,1.454891112,Sparcl1,10.20103524,-2.981584433
10408693,0.004387126,2.09656E-05,3.632592673,F13a1,6.514891712,-2.988418515
10345016,0.015148434,0.000311107,0.828692903,Tfap2b,7.963706878,-3.002907653
10490989,0.019549457,0.000539916,0.231764841,Cp,7.925160356,-3.003708387
10388254,0.014861358,0.000297271,0.877712198,Aspa,7.445197371,-3.004008344
10359504,0.002608885,7.20521E-06,4.656856684,,4.010015029,-3.011648126
10376201,0.013289008,0.000240444,1.105756327,Gpx3///Gpx3,6.837756999,-3.013538037
10341801,0.016032642,0.000347774,0.708477165,,8.92891268,-3.014191997
10493114,0.019275389,0.000523474,0.265380866,Nes,6.620044114,-3.021179279
10578264,0.002520537,6.74367E-06,4.718129231,Msr1,5.445273312,-3.029831769
10459335,0.004432007,2.1548E-05,3.605511552,Piezo2,6.880567257,-3.064806657
10341701,0.016243226,0.000357315,0.679238397,,8.142642936,-3.072531397
10467258,0.011375363,0.000173243,1.456133894,Myof,7.041444023,-3.07764494
10459353,0.002164783,4.27901E-06,5.131327622,Piezo2,7.001853936,-3.081871912
10462281,0.003684334,1.49451E-05,3.964043659,Vldlr,7.661436001,-3.083888533
10379530,0.008024191,8.01948E-05,2.268216709,Ccl12,5.438015648,-3.084913828
10342535,0.006053378,4.06336E-05,2.968840398,,7.429023086,-3.086575175
10580382,0.00171327,2.10565E-06,5.745923192,Neto2,5.351561167,-3.088117544
10339650,0.003443573,1.19906E-05,4.176450772,,8.248621977,-3.089833382
10404606,0.015460578,0.00032335,0.787072931,Ly86,6.148898406,-3.112911584
10395320,0.005124253,2.91888E-05,3.303134701,Twist1,6.62664762,-3.13359443
10412667,0.002079959,3.75642E-06,5.247017709,Ptprg,8.436018312,-3.134846814
10435305,0.006152505,4.37189E-05,2.894262591,Itgb5,7.494420254,-3.136595489
10431935,0.009625057,0.000119344,1.851206918,Amigo2,6.462895671,-3.144763972
10523134,0.016784022,0.000388698,0.588210731,Pf4,6.121320145,-3.145113783
10428376,0.006068204,4.27707E-05,2.916629003,Angpt1,5.012363816,-3.148905779
10517165,0.00887232,9.87799E-05,2.050188805,Cd52,6.228240989,-3.149397841
10542470,0.002520537,6.65365E-06,4.730533308,Mgst1,7.367430619,-3.151485246
10400609,0.008227546,8.66307E-05,2.18763106,Mdga2,4.96032816,-3.154111228
10417628,0.001107614,5.13382E-07,6.84624006,Cadps,5.37213815,-3.165068946
10360398,0.011282612,0.00016421,1.513122434,Ifi202b,5.058643253,-3.219689276
10527940,0.001309049,1.16745E-06,6.2268539,Cdk14,6.738675793,-3.225406872
10498158,0.011400221,0.00017448,1.448554585,Ufm1,6.281641169,-3.231808712
10457733,0.007184295,5.84912E-05,2.595552514,B4galt6,7.856987064,-3.233610344
10340729,0.009826423,0.000122972,1.819605568,,6.53074126,-3.264588267
10583008,0.00171327,2.2358E-06,5.695428955,Casp12,5.812992123,-3.273109881
10430669,0.001654722,1.59043E-06,5.978344964,Gm5879///Rpl3///Rpl3-ps1///Ralgps2///Rpl3///Syngr1,10.33263247,-3.27892298
10497356,0.002309666,5.58147E-06,4.891635926,LOC100038947///Sirpb1b///Sirpb1a,3.834396759,-3.286348971
10375175,0.002079959,3.90183E-06,5.213409651,Slit3,7.473658688,-3.295201217
10506658,0.006250621,4.53152E-05,2.857639823,Hspb11,8.256330605,-3.295990486
10517513,0.016581681,0.000380673,0.61078065,C1qc,6.528428554,-3.301406228
10408689,0.018024456,0.0004475,0.435613629,Nrn1,7.630253546,-3.306628596
10416181,0.00171327,2.21279E-06,5.704158893,Stc1,6.128245014,-3.311791864
10424559,0.001751338,2.56537E-06,5.578591742,Khdrbs3,6.777076053,-3.318537344
10514185,0.01888847,0.000494473,0.327297606,,6.185977476,-3.322118647
10341381,0.001751338,2.41866E-06,5.628810565,,9.619811186,-3.325656715
10450484,0.019125469,0.000507298,0.299486537,Aif1,6.70407398,-3.334637956
10537146,0.005256356,3.08109E-05,3.248807424,Akr1b8,5.84217357,-3.340601616
10475517,0.007896608,7.10358E-05,2.394417119,AA467197,5.637235005,-3.363315744
10343701,0.014911724,0.000302439,0.859147385,,8.716138456,-3.370556753
10342151,0.008024191,7.44121E-05,2.346155936,,9.315093551,-3.382634062
10480090,0.003553893,1.26779E-05,4.122953673,Itga8,6.11161836,-3.385285421
10442219,0.018405691,0.000475575,0.369603664,Zfp52,6.879862609,-3.399920581
10476725,0.001107614,6.65486E-07,6.657235579,Gm561,6.824405318,-3.404806594
10368970,0.003661874,1.39864E-05,4.028253133,Prdm1,6.950671631,-3.407072682
10555118,0.004387126,2.12036E-05,3.621442346,Pak1,6.093819019,-3.424072924
10360406,0.002079959,3.93735E-06,5.205375417,Ifi205,4.749695424,-3.431848445
10422244,0.01078879,0.000148361,1.62094238,Slitrk6,5.589089448,-3.437884217
10374236,0.004981894,2.82346E-05,3.336458094,Upp1,5.974526574,-3.484536341
10494262,0.018405691,0.000477811,0.364512383,Ctsk,6.954669919,-3.506186674
10606600,0.001309049,1.1212E-06,6.25874183,Pcdh19,6.800336064,-3.507245503
10343028,0.002982008,8.75043E-06,4.475430214,,7.228555443,-3.531398607
10482920,0.003565138,1.28276E-05,4.11166504,Cd302,5.75245225,-3.538445274
10379727,0.013888822,0.00025741,1.032568736,Wfdc17,5.894774576,-3.539352717
10344809,0.004802037,2.43141E-05,3.485704736,Cspp1,7.65975599,-3.54064596
10340686,0.003661874,1.40112E-05,4.026543464,,6.877963544,-3.554898321
10344952,0.007536974,6.35309E-05,2.510163334,Rdh10,8.617850794,-3.555309
10344082,0.01961549,0.000543392,0.224786379,,6.415081543,-3.56198195
10522503,0.016265658,0.000366398,0.652107171,Pdgfra,7.56471389,-3.56645758
10466200,0.00171327,2.00525E-06,5.786846286,Ms4a7,5.039857285,-3.5809812
10542981,0.011633459,0.000183739,1.393445148,Gmfg,7.651098049,-3.581894185
10498018,0.010235437,0.00013088,1.753748337,Pcdh18,6.51536241,-3.582185088
10459866,0.003661874,1.3884E-05,4.035361186,Slc14a1,6.724103832,-3.587396259
10338078,0.010809408,0.00015006,1.608863211,,6.350829807,-3.605973482
10567995,0.001309049,1.14366E-06,6.243110885,Nupr1,8.259604484,-3.615444005
10400607,0.008504647,9.29737E-05,2.113696126,Mdga2,4.959911824,-3.672769731
10519555,0.001309049,1.09427E-06,6.277845892,Abcb1b,5.365675328,-3.679879766
10412298,0.012948832,0.000229563,1.155405885,Itga1,7.090960109,-3.690578766
10342081,0.015752044,0.000333623,0.753325139,,6.443958464,-3.6984388
10601328,0.001743339,2.35722E-06,5.650667921,Uprt,7.851543792,-3.706435621
10576639,0.002079959,3.79718E-06,5.237477759,Nrp1,8.324542602,-3.721362422
10519717,0.004018012,1.72234E-05,3.825834093,Sema3a,7.393059477,-3.724929646
10601844,0.003664814,1.42519E-05,4.01006561,Bhlhb9,6.696543286,-3.726661092
10506301,0.015148434,0.000310368,0.831256305,Lepr,6.342964433,-3.729641729
10443009,0.003083541,9.52278E-06,4.395726546,Ergic1,8.889531093,-3.742663033
10523451,0.004836093,2.46948E-05,3.470241187,Anxa3,6.408189648,-3.805273843
10440258,0.001163285,7.61461E-07,6.556660565,Epha3,5.521262509,-3.858150433
10340420,0.012979278,0.000231506,1.14637287,,8.579171967,-3.873453966
10440344,0.001985853,3.14248E-06,5.40352387,Robo2,7.778618676,-3.886380463
10339685,0.002312922,5.65588E-06,4.879565073,,8.566951172,-3.927764622
10397645,0.015752044,0.000333983,0.75216175,Gpr65,5.848335684,-3.964381055
10346410,0.013749401,0.00025381,1.047694694,Aox3,5.844659221,-3.987926982
10423556,0.00171327,2.18739E-06,5.713892903,Cpq,6.590237911,-3.993537107
10458428,0.008077741,8.42897E-05,2.216250799,Uxt,8.865658609,-4.030545566
10566258,0.002635579,7.519E-06,4.61725316,Hbb-bt///Hbb-bs///Hbb-b2///Hbb-b1///Hbb-bt///Hbb-bs///Hbb-b2///Hbb-b1,8.773713528,-4.069505387
10566254,0.015861825,0.000339866,0.733314846,Hbb-bt///Hbb-bs///Hbb-b2///Hbb-b1///Hbb-bt///Hbb-bs///Hbb-b2///Hbb-b1,6.581665188,-4.075780067
10453759,0.003842529,1.58079E-05,3.909498191,Gm10554,4.903644475,-4.091027437
10343769,0.008054543,8.18181E-05,2.247315479,,6.913805106,-4.101989331
10340311,0.004801481,2.41732E-05,3.49148815,,6.6743293,-4.129086775
10339649,0.006303507,4.67867E-05,2.824963443,,6.805760198,-4.145652613
10464400,0.012903246,0.000225808,1.1730754,E330013P04Rik,6.390733874,-4.14711538
10521759,0.0021789,4.6225E-06,5.062180227,Slit2,7.059956949,-4.165376973
10338344,0.001841196,2.80735E-06,5.501207322,,7.508783534,-4.171528731
10340282,0.016498963,0.000376875,0.621624673,,7.128978458,-4.202935923
10547657,0.007543073,6.48843E-05,2.488345324,C3ar1,6.101957932,-4.213610072
10602020,0.00101929,2.63913E-07,7.301675098,Tbc1d8b,7.163313873,-4.223214045
10339134,0.012486567,0.00020799,1.261053382,,7.905634345,-4.240095854
10601303,0.00101929,2.60103E-07,7.311150299,Chic1,6.924133967,-4.2533115
10376956,0.00171327,2.21334E-06,5.703947899,Hs3st3a1,6.095356406,-4.308731581
10342764,0.006053378,4.15454E-05,2.946249214,,6.833455843,-4.329743832
10497451,0.016050306,0.000349743,0.702377907,Cpa3,6.250321678,-4.356593612
10461622,0.003032765,8.98662E-06,4.450379622,Ms4a6b,5.549490043,-4.357932799
10339595,0.002404963,6.15582E-06,4.802085019,,7.684757601,-4.361332999
10523693,0.000927186,1.3337E-07,7.723857628,Dmp1,6.393897651,-4.364566755
10339398,0.001051658,3.02548E-07,7.211652632,,8.218486271,-4.370538598
10587829,0.001309049,1.01875E-06,6.333755363,Plod2,8.425944653,-4.387956963
10519855,0.001107614,6.69157E-07,6.653160791,Cacna2d1,6.219932334,-4.444099768
10374777,0.017139896,0.000408179,0.535274511,Efemp1,6.853820069,-4.467369403
10461614,0.001053736,3.37755E-07,7.137797605,Ms4a6c,5.827751726,-4.501514603
10536635,0.00171327,2.09024E-06,5.752087982,Cped1,7.659644126,-4.50537765
10354588,0.008024191,7.35401E-05,2.358414263,Stk17b,7.507081487,-4.535212525
10343159,0.011378698,0.000173823,1.45257137,,5.958964967,-4.610887028
10417212,0.002237775,5.02147E-06,4.987583827,Itgbl1,6.866387128,-4.647050978
10369842,0.006250621,4.51403E-05,2.861590694,Bicc1,6.728009818,-4.793940606
10581013,0.002253456,5.18632E-06,4.958351544,Cdh11,7.982414839,-4.805338456
10513774,0.000454256,3.9205E-08,8.365820174,,4.901474248,-4.856971709
10420247,0.008024191,7.78216E-05,2.299522582,Mcpt4,5.843657069,-4.891036949
10469358,0.019148307,0.000515986,0.281037264,Mrc1,6.596923023,-4.987790922
10608654,0.00101929,2.62673E-07,7.304745838,,5.239035592,-5.057343088
10339335,0.004018012,1.70796E-05,3.834025129,,6.923304879,-5.360138176
10569335,0.006550409,4.89962E-05,2.777708792,,7.420629093,-5.650102196
10359624,0.002079959,3.42758E-06,5.327653346,Prrx1,7.322801022,-5.775291602
10445293,0.0021789,4.63994E-06,5.058797189,Pla2g7,8.426422701,-5.919594349
10351293,0.011530102,0.000180091,1.414827356,Dpt,6.880827543,-5.943303574
10405047,0.001309049,9.4097E-07,6.395321845,Aspn,7.059350426,-6.088311039
10358339,0.001309049,1.08923E-06,6.281470347,Cfh,6.837192868,-6.227885181
10585438,0.000414097,2.03066E-08,8.651286226,Crabp1,8.665803351,-6.336766055
10511363,0.000414097,2.38261E-08,8.585605613,Penk,7.668384744,-6.572540137
